Feature,Importance
Production_Tonnes,0.5916971806544469
Market_Price_INR_Tonne,0.257804124137187
Soil_pH,0.07115942895131357
Total_Cost_INR,0.06567790706448716
Rainfall_mm,0.0052421542751451295
Farm_Area_Hectares,0.001361186805768403
Phosphorus_kg_ha,0.001019807291814977
Fertilizer_kg_ha,0.0009731535418901257
Nitrogen_kg_ha,0.0005402651215396379
Avg_Temperature_C,0.0005240058814548934
Pesticide_Litre_ha,0.00043906983516535353
Crop_Cotton,0.0004135068850625682
Humidity_pct,0.00038548775898411607
Water_Used_m3,0.0003530883709521638
Season_Zaid,0.00033450392651917203
Crop_Wheat,0.000311225388204771
Disease_Pest_Risk_pct,0.00022964210019276574
State_Karnataka,0.00021535998954289132
Crop_Pulses,0.00019981011906592788
Seed_Quality_Score,0.00017698697307554423
Potassium_kg_ha,0.00016938447557425586
Irrigation_Method_Rainfed,0.0001206693710752176
Soil_Moisture_pct,0.00011796052194165595
Sunlight_Hours_Day,0.00011272318269210829
Irrigation_Method_Flood,0.00010863589337499444
Crop_Groundnut,5.490620335328175e-05
Irrigation_Method_Sprinkler,5.085228858463681e-05
State_Madhya Pradesh,3.946788936399637e-05
State_Maharashtra,3.816040158013926e-05
State_Gujarat,3.65313676696436e-05
Crop_Maize,2.7217355490007626e-05
Season_Rabi,1.4441754091349458e-05
Crop_Rice,1.3610890030708364e-05
State_Telangana,1.2582368745407224e-05
State_Tamil Nadu,1.254092647018417e-05
State_Punjab,1.1904394082238211e-05
Crop_Sugarcane,5.156440670715728e-07
